{"code": 0, "data": [[[150.570556640625, 223.8130340576172, 829.9514770507812], [0.570556640625, 73.81303405761719, 829.9514770507812], [300.570556640625, 73.81303405761719, 829.9514770507812]], [[150.5093994140625, 223.80087280273438, 830.0277099609375], [0.5, 73.81027221679688, 830.0420532226562], [300.5, 73.79147338867188, 830.0186767578125]], [[150.92115783691406, 223.9070587158203, 830.4033813476562], [0.928497314453125, 73.89973449707031, 830.3959350585938], [300.928466796875, 73.91439819335938, 830.3438720703125]], [[151.19029235839844, 224.01821899414062, 830.1297607421875], [1.19036865234375, 74.01815795898438, 830.12744140625], [301.19036865234375, 74.018310546875, 830.0404052734375]], [[151.430908203125, 224.0850372314453, 829.53466796875], [1.453887939453125, 74.06205749511719, 829.5243530273438], [301.453857421875, 74.1080322265625, 829.4531860351562]], [[151.6014404296875, 224.09815979003906, 829.1124267578125], [1.6240692138671875, 74.07553100585938, 829.0858764648438], [301.6240539550781, 74.12080383300781, 829.0509643554688]], [[151.72976684570312, 224.0963592529297, 828.4501953125], [1.7614288330078125, 74.06471252441406, 828.4235229492188], [301.76141357421875, 74.12802124023438, 828.4169311523438]], [[151.84567260742188, 224.0795440673828, 827.8843383789062], [1.8561248779296875, 74.069091796875, 827.8871459960938], [301.85614013671875, 74.08999633789062, 827.8515014648438]], [[151.95169067382812, 224.1007537841797, 827.565185546875], [1.937164306640625, 74.11528015136719, 827.5687255859375], [301.9371643066406, 74.08622741699219, 827.52978515625]], [[152.0520477294922, 224.1275177001953, 827.3114013671875], [2.0284271240234375, 74.15115356445312, 827.3225708007812], [302.0284118652344, 74.10389709472656, 827.2504272460938]], [[152.12969970703125, 224.14988708496094, 827.1907958984375], [2.106414794921875, 74.17317199707031, 827.201904296875], [302.10638427734375, 74.12660217285156, 827.1278686523438]], [[152.2337188720703, 224.16429138183594, 826.981689453125], [2.2243804931640625, 74.17362976074219, 827.0011596679688], [302.224365234375, 74.15496826171875, 826.9224243164062]], [[152.40780639648438, 224.2113037109375, 826.2799072265625], [2.4097442626953125, 74.20936584472656, 826.3291625976562], [302.40972900390625, 74.21324157714844, 826.2573852539062]], [[152.6884307861328, 224.2484130859375, 824.3556518554688], [2.70257568359375, 74.23434448242188, 824.4957275390625], [302.7025451660156, 74.26254272460938, 824.3895874023438]], [[152.91842651367188, 224.2410125732422, 822.0770874023438], [2.93475341796875, 74.22488403320312, 822.3146362304688], [302.9347229003906, 74.25735473632812, 822.1832275390625]], [[153.07994079589844, 224.22352600097656, 819.3014526367188], [3.0898284912109375, 74.214111328125, 819.676025390625], [303.08978271484375, 74.23347473144531, 819.4928588867188]], [[153.2649688720703, 224.2277069091797, 815.6157836914062], [3.2667236328125, 74.22688293457031, 816.140380859375], [303.26666259765625, 74.22970581054688, 815.9284057617188]], [[153.53152465820312, 224.22415161132812, 810.759765625], [3.5324554443359375, 74.2249755859375, 811.487548828125], [303.5323486328125, 74.22578430175781, 811.2488403320312]], [[153.7788543701172, 224.12969970703125, 804.796142578125], [3.781494140625, 74.13017272949219, 805.761962890625], [303.7813720703125, 74.13372802734375, 805.4708251953125]], [[153.92520141601562, 224.042724609375, 798.861083984375], [3.9232940673828125, 74.04949951171875, 800.069091796875], [303.9231262207031, 74.04330444335938, 799.75390625]], [[153.92361450195312, 223.89007568359375, 792.0543212890625], [3.898895263671875, 73.92222595214844, 793.54736328125], [303.898681640625, 73.86961364746094, 793.2086791992188]], [[153.72727966308594, 223.77256774902344, 784.9354858398438], [3.6900787353515625, 73.82060241699219, 786.7377319335938], [303.6898498535156, 73.74201965332031, 786.3709106445312]], [[153.8612060546875, 223.66944885253906, 776.8013305664062], [3.797027587890625, 73.74868774414062, 778.9237670898438], [303.7967529296875, 73.61497497558594, 778.5319213867188]], [[154.2193145751953, 223.45199584960938, 766.9268798828125], [4.1433258056640625, 73.54899597167969, 769.4342041015625], [304.1429748535156, 73.38996887207031, 768.9971313476562]], [[154.74537658691406, 223.20895385742188, 756.569580078125], [4.680877685546875, 73.30213928222656, 759.5006103515625], [304.680419921875, 73.16363525390625, 758.9956665039062]], [[155.33335876464844, 222.91697692871094, 745.5455932617188], [5.2718963623046875, 73.01683044433594, 748.93701171875], [305.27142333984375, 72.88288879394531, 748.433349609375]], [[155.9083709716797, 222.60324096679688, 732.548095703125], [5.86590576171875, 72.69577026367188, 736.4220581054688], [305.865478515625, 72.5985107421875, 735.9309692382812]], [[156.46743774414062, 222.4107666015625, 720.1176147460938], [6.425079345703125, 72.51670837402344, 724.4840698242188], [306.42474365234375, 72.41957092285156, 724.0474243164062]], [[157.14463806152344, 222.0635528564453, 706.5302734375], [7.1206817626953125, 72.16571044921875, 711.3729858398438], [307.12042236328125, 72.10572814941406, 710.9924926757812]], [[157.82447814941406, 221.712646484375, 693.8750610351562], [7.7964019775390625, 71.8350830078125, 699.1935424804688], [307.79620361328125, 71.76739501953125, 698.865234375]], [[158.3312530517578, 221.35179138183594, 682.2304077148438], [8.308837890625, 71.48410034179688, 687.970458984375], [308.30877685546875, 71.43183898925781, 687.77587890625]], [[158.75222778320312, 220.98919677734375, 671.1878051757812], [8.757217407226562, 71.11061096191406, 677.3445434570312], [308.7571716308594, 71.114990234375, 677.207763671875]], [[159.37059020996094, 220.56600952148438, 660.1409301757812], [9.42022705078125, 70.65980529785156, 666.6998291015625], [309.420166015625, 70.75437927246094, 666.5902709960938]], [[160.16709899902344, 220.0888671875, 649.025390625], [10.253738403320312, 70.16555786132812, 656.0244140625], [310.253662109375, 70.33396911621094, 655.9168090820312]], [[160.655517578125, 219.6187744140625, 638.539306640625], [10.753952026367188, 69.70233154296875, 645.9271240234375], [310.75390625, 69.89750671386719, 645.8887939453125]], [[160.98463439941406, 219.2266845703125, 628.245849609375], [11.098007202148438, 69.31513977050781, 636.0257568359375], [311.097900390625, 69.54127502441406, 636.0098266601562]], [[161.87574768066406, 218.6189727783203, 615.7310791015625], [12.025070190429688, 68.69322204589844, 623.919189453125], [312.0249328613281, 68.99006652832031, 623.880859375]], [[162.46035766601562, 218.14588928222656, 605.7744140625], [12.625411987304688, 68.2249755859375, 614.3306884765625], [312.625244140625, 68.55563354492188, 614.3338623046875]], [[162.95382690429688, 217.69276428222656, 595.7086181640625], [13.139724731445312, 67.77326965332031, 604.6461791992188], [313.1394958496094, 68.14653015136719, 604.6636962890625]], [[163.35244750976562, 217.2917022705078, 585.7240600585938], [13.57366943359375, 67.36087036132812, 595.0548706054688], [313.5733337402344, 67.8050537109375, 595.073974609375]], [[163.99534606933594, 216.84344482421875, 575.8258056640625], [14.256622314453125, 66.89434814453125, 585.4996337890625], [314.25616455078125, 67.42105102539062, 585.5540771484375]], [[164.52085876464844, 216.4615478515625, 565.9171142578125], [14.812789916992188, 66.5059814453125, 575.958251953125], [314.81219482421875, 67.09646606445312, 576.0458984375]], [[165.0083770751953, 216.08035278320312, 555.9295654296875], [15.324050903320312, 66.13021850585938, 566.3966064453125], [315.3233642578125, 66.76797485351562, 566.4755859375]], [[165.48089599609375, 215.65469360351562, 546.2327880859375], [15.831192016601562, 65.6982421875, 557.0968627929688], [315.830322265625, 66.40634155273438, 557.1859130859375]], [[165.89645385742188, 215.21595764160156, 537.4154052734375], [16.278579711914062, 65.25094604492188, 548.5950317382812], [316.27752685546875, 66.02676391601562, 