{"code": 0, "data": [[[155.6275634765625, 153.900390625, 11.830217361450195], [5.6275634765625, 3.900390625, 11.830217361450195], [305.6275634765625, 3.900390625, 11.830217361450195]], [[154.5306396484375, 153.95904541015625, 15.835811614990234], [3.4893951416015625, 5.053192138671875, 12.149673461914062], [303.39013671875, 2.8728485107421875, 19.55139923095703]], [[154.41758728027344, 153.99154663085938, 12.55961799621582], [3.0648345947265625, 5.3583526611328125, 11.839763641357422], [303.0489501953125, 2.6370849609375, 13.300797462463379]], [[154.13272094726562, 154.0411834716797, 9.115983963012695], [2.4730072021484375, 5.73895263671875, 11.519906997680664], [302.4156188964844, 2.3624114990234375, 6.721052169799805]], [[153.83961486816406, 154.07980346679688, 5.775706768035889], [1.996826171875, 6.03948974609375, 11.051413536071777], [301.7860107421875, 2.1454010009765625, 0.5027589797973633]], [[154.51231384277344, 154.35801696777344, 19.67735481262207], [2.676422119140625, 6.309661865234375, 24.92599105834961], [302.4679260253906, 2.4314727783203125, 14.437171936035156]], [[155.93563842773438, 155.10348510742188, 47.17938995361328], [4.1543731689453125, 7.0016937255859375, 52.49980163574219], [303.94207763671875, 3.2290191650390625, 41.86468505859375]], [[159.3663787841797, 154.17239379882812, 120.87097930908203], [7.5924072265625, 6.0674285888671875, 126.3100357055664], [307.3717041015625, 2.301025390625, 115.43854522705078]], [[160.13255310058594, 154.1834716796875, 136.31802368164062], [8.415512084960938, 6.0214996337890625, 141.79212951660156], [308.1934509277344, 2.3677215576171875, 130.84518432617188]], [[162.52191162109375, 156.20620727539062, 180.38401794433594], [10.887664794921875, 7.95635986328125, 185.77243041992188], [310.6736755371094, 4.476287841796875, 174.9911346435547]], [[161.5194549560547, 156.4409942626953, 160.81443786621094], [9.941970825195312, 8.132156372070312, 166.17713928222656], [309.7307434082031, 4.7687225341796875, 155.43556213378906]], [[159.29550170898438, 156.4027862548828, 106.44711303710938], [7.6436309814453125, 8.163543701171875, 111.62796020507812], [307.4439697265625, 4.6624755859375, 101.25892639160156]], [[158.86839294433594, 156.4519805908203, 104.8428955078125], [6.8971405029296875, 8.582778930664062, 111.1230239868164], [306.6041564941406, 4.3510894775390625, 98.56107330322266]], [[158.2847137451172, 156.51959228515625, 101.61212921142578], [5.9759979248046875, 9.146377563476562, 110.73323822021484], [305.37738037109375, 3.9381561279296875, 92.52049255371094]], [[157.62655639648438, 156.5720672607422, 97.61157989501953], [5.091217041015625, 9.649505615234375, 109.72479248046875], [304.0555114746094, 3.5567779541015625, 85.57460021972656]], [[156.77191162109375, 156.63458251953125, 93.31928253173828], [4.0328216552734375, 10.2508544921875, 108.89414978027344], [302.3414306640625, 3.104034423828125, 77.89591979980469]], [[154.69447326660156, 156.73133850097656, 90.63716888427734], [0.5, 12.19537353515625, 108.89704132080078], [298.13580322265625, 1.4604949951171875, 72.8734359741211]], [[155.64479064941406, 156.4024658203125, 96.98361206054688], [1.3665618896484375, 11.93048095703125, 115.04104614257812], [299.052490234375, 1.07196044921875, 79.47173309326172]], [[158.07374572753906, 155.8149871826172, 114.93040466308594], [3.78759765625, 11.326248168945312, 132.7849884033203], [301.52386474609375, 0.5, 97.62953186035156]]]}