{"code": 0, "data": [[[152.5024871826172, 210.5036163330078, 796.2095947265625], [2.5024871826171875, 60.50361633300781, 796.2095947265625], [302.50250244140625, 60.50361633300781, 796.2095947265625]], [[152.47003173828125, 210.49998474121094, 795.960693359375], [2.4780120849609375, 60.49200439453125, 795.9010620117188], [302.47796630859375, 60.508056640625, 795.7721557617188]], [[153.12513732910156, 210.60006713867188, 793.2835083007812], [3.205963134765625, 60.51930236816406, 793.1830444335938], [303.20587158203125, 60.681121826171875, 792.990234375]], [[153.11375427246094, 210.409912109375, 787.7046508789062], [3.2044830322265625, 60.31925964355469, 787.78271484375], [303.2043762207031, 60.50062561035156, 787.5980224609375]], [[152.55477905273438, 209.6052703857422, 763.2769165039062], [2.61932373046875, 59.5433349609375, 764.1570434570312], [302.61907958984375, 59.67042541503906, 763.7807006835938]], [[150.57540893554688, 209.0382843017578, 751.4136962890625], [0.6511993408203125, 58.96751403808594, 752.637451171875], [300.65081787109375, 59.11567687988281, 752.178466796875]], [[151.28244018554688, 208.64576721191406, 746.3228759765625], [1.358612060546875, 58.57633972167969, 747.74169921875], [301.3580322265625, 58.72381591796875, 747.1727294921875]], [[151.56385803222656, 208.56356811523438, 742.9873657226562], [1.704071044921875, 58.43043518066406, 744.4318237304688], [301.70355224609375, 58.70637512207031, 743.9351196289062]], [[152.14804077148438, 208.71673583984375, 739.9671630859375], [2.3033599853515625, 58.56944274902344, 741.503662109375], [302.30279541015625, 58.87532043457031, 741.0152587890625]], [[152.6927032470703, 208.864990234375, 736.091552734375], [2.8701019287109375, 58.697662353515625, 737.8138427734375], [302.86944580078125, 59.046875, 737.3038940429688]], [[153.42417907714844, 208.8776092529297, 730.4444580078125], [3.6352996826171875, 58.680206298828125, 732.4519653320312], [303.6343994140625, 59.09478759765625, 731.8563842773438]], [[154.2492218017578, 208.60768127441406, 721.4474487304688], [4.4462127685546875, 58.429168701171875, 723.7874145507812], [304.4451904296875, 58.8131103515625, 723.1064453125]], [[155.11575317382812, 208.10946655273438, 711.234375], [5.3431243896484375, 57.906036376953125, 713.8972778320312], [305.34173583984375, 58.3472900390625, 713.091552734375]], [[155.76954650878906, 207.5599365234375, 698.1658325195312], [6.026214599609375, 57.33494567871094, 701.2291259765625], [306.0243835449219, 57.83052062988281, 700.3071899414062]], [[156.39085388183594, 206.99046325683594, 683.6390380859375], [6.692352294921875, 56.73091125488281, 687.1639404296875], [306.69012451171875, 57.311492919921875, 686.1574096679688]], [[157.6188201904297, 206.462646484375, 665.422607421875], [7.9356689453125, 56.20060729980469, 669.4573364257812], [307.9334716796875, 56.809326171875, 668.4857788085938]], [[158.6361541748047, 206.0555877685547, 649.6456909179688], [8.995986938476562, 55.765380859375, 654.19189453125], [308.9936828613281, 56.4571533203125, 653.240478515625]], [[158.6954345703125, 205.7374725341797, 633.8629150390625], [9.06866455078125, 55.44856262207031, 638.870361328125], [309.0667724609375, 56.16954040527344, 638.0919799804688]], [[159.0623779296875, 205.41128540039062, 617.0618286132812], [9.462020874023438, 55.11846923828125, 622.7013549804688], [309.46014404296875, 55.89048767089844, 621.9661254882812]], [[159.7845458984375, 205.0189208984375, 601.2113037109375], [10.195846557617188, 54.734283447265625, 607.3554077148438], [310.1939697265625, 55.52857971191406, 606.6552124023438]], [[160.01231384277344, 204.7505340576172, 586.2824096679688], [10.449005126953125, 54.46046447753906, 592.8936157226562], [310.4471130371094, 55.3055419921875, 592.2459716796875]], [[160.7011260986328, 204.42141723632812, 567.6763305664062], [11.181793212890625, 54.11480712890625, 574.8800048828125], [311.17950439453125, 55.04219055175781, 574.1650390625]], [[161.33599853515625, 203.89544677734375, 550.6097412109375], [11.843093872070312, 53.59553527832031, 558.4716796875], [311.8402404785156, 54.56459045410156, 557.5927124023438]], [[161.99417114257812, 203.24996948242188, 536.3428955078125], [12.514572143554688, 52.960296630859375, 544.6416015625], [312.5111999511719, 53.94581604003906, 543.6157836914062]], [[162.2266387939453, 202.5468292236328, 521.32568359375], [12.756210327148438, 52.2745361328125, 530.0906372070312], [312.7523193359375, 53.26765441894531, 528.9253540039062]], [[162.83981323242188, 201.85597229003906, 505.7810363769531], [13.389144897460938, 51.59234619140625, 515.0191040039062], [313.384765625, 52.61616516113281, 513.761962890625]], [[163.31903076171875, 201.21067810058594, 490.55657958984375], [13.878402709960938, 50.96588134765625, 500.2517395019531], [313.87396240234375, 52.00578308105469, 498.9898681640625]], [[164.05081176757812, 200.57012939453125, 474.84625244140625], [14.643402099609375, 50.32783508300781, 485.0775146484375], [314.6388854980469, 51.432464599609375, 483.8567199707031]], [[165.31304931640625, 199.7730712890625, 458.2276916503906], [15.934844970703125, 49.54331970214844, 469.0523986816406], [315.93023681640625, 50.70372009277344, 467.8605651855469]], [[166.04074096679688, 198.8720703125, 441.794189453125], [16.689788818359375, 48.65776062011719, 453.19403076171875], [316.68511962890625, 49.87152099609375, 452.0462341308594]], [[167.0963134765625, 197.8582000732422, 425.3060607910156], [17.769989013671875, 47.666717529296875, 437.313232421875], [317.76470947265625, 48.91636657714844, 436.04656982421875]], [[168.2526397705078, 196.62451171875, 408.2896728515625], [18.94586181640625, 46.46101379394531, 420.87579345703125], [318.94036865234375, 47.7442626953125, 419.5980224609375]], [[169.18980407714844, 195.14559936523438, 391.5528259277344], [19.90557861328125, 45.0069580078125, 404.6909484863281], [319.8997802734375, 46.32731628417969, 403.3692932128906]], [[170.1462860107422, 193.6237030029297, 375.1834716796875], [20.851699829101562, 43.542205810546875, 388.8463134765625], [320.84600830078125, 44.83793640136719, 387.5281066894531]], [[171.03948974609375, 192.1029510498047, 357.69073486328125], [21.745162963867188, 42.072265625, 371.9034118652344], [321.7400207519531, 43.37681579589844, 370.7249755859375]], [[171.96148681640625, 190.5889434814453, 339.4977722167969], [22.710830688476562, 40.568939208984375, 354.2706604003906], [322.70599365234375, 41.977325439453125, 353.30670166015625]], [[172.6370086669922, 189.1967315673828, 322.2921142578125], [23.459671020507812, 39.160125732421875, 337.6263732910156], [323.45465087890625, 40.73529052734375, 336.8948669433594]], [[173.36297607421875, 187.6854705810547, 305.36614990234375], [24.215377807617188, 37.678070068359375, 321.2649841308594], [324.2103271484375, 39.32879638671875, 320.7082214355469]], [[174.21168518066406, 186.13694763183594, 288.80047607421875], [25.078598022460938, 36.17869567871094, 305.2880859375], [325.07342529296875, 37.86265563964844, 304.78375244140625]], [[174.9595947265625, 184.46865844726562, 272.640869140625], [25.84111785888672, 34.55596923828125, 289.6662292480469], [325.8358154296875, 36.27027893066406, 289.1817932128906]], [[175.63314819335938, 182.5740509033203, 255.81182861328125], [26.472763061523438, 32.77052307128906, 273.4208984375], [326.468017578125, 34.40693664550781, 272.99761962890625]], [[176.52767944335938, 180.59056091308594, 238.6546630859375], [27.41272735595703, 30.81158447265625, 256.847900390625], [327.40753173828125, 32.56268310546875, 256.62725830078125]], [[176.89926147460938, 178.80780029296875, 222.9232177734375], [27.777565002441406, 29.1085205078125, 241.70745849609375], [327.77239990234375, 30.8660888671875, 241.64599609375]], [[176.2528533935547, 176.97213745117188, 208.07000732421875], [27.142494201660156, 27.324722290039062, 227.350830078125], [327.1371154785156, 29.120819091796875, 227.4072265625]], [[174.96713256835938, 174.97850036621094, 193.50189208984375], 