{"code": 0, "data": [[[174.74798583984375, 169.1148681640625, 10.337419509887695], [24.74798583984375, 19.1148681640625, 10.337419509887695], [324.74798583984375, 19.1148681640625, 10.337419509887695]], [[174.05616760253906, 169.1423797607422, 13.230788230895996], [23.315704345703125, 19.900741577148438, 11.171265602111816], [323.2828369140625, 18.387863159179688, 15.345054626464844]], [[173.19607543945312, 169.20692443847656, 17.113433837890625], [21.680892944335938, 20.814865112304688, 12.323856353759766], [321.5076904296875, 17.616119384765625, 22.002050399780273]], [[172.2943572998047, 169.2757568359375, 20.881942749023438], [20.030807495117188, 21.761337280273438, 13.445331573486328], [319.61566162109375, 16.830917358398438, 28.432029724121094]], [[171.51934814453125, 169.34432983398438, 23.949779510498047], [18.6280517578125, 22.600082397460938, 14.443167686462402], [317.9493408203125, 16.158187866210938, 33.55534744262695]], [[170.5517120361328, 169.43675231933594, 28.21138572692871], [17.00079345703125, 23.619338989257812, 15.586231231689453], [315.8180847167969, 15.368576049804688, 40.887290954589844]], [[169.61097717285156, 169.5040740966797, 31.164289474487305], [15.431411743164062, 24.5450439453125, 16.482872009277344], [313.8294982910156, 14.628509521484375, 45.81280517578125]], [[168.16146850585938, 169.62864685058594, 35.817806243896484], [13.320404052734375, 25.767486572265625, 17.701200485229492], [310.903076171875, 13.73394775390625, 53.75318145751953]], [[168.11334228515625, 169.5843048095703, 37.070457458496094], [13.272048950195312, 25.727035522460938, 18.924861907958984], [310.847412109375, 13.68603515625, 55.03460693359375]], [[168.03713989257812, 169.5561981201172, 38.02245330810547], [13.195907592773438, 25.7001953125, 19.86635398864746], [310.76910400390625, 13.656753540039062, 55.99327850341797]], [[167.9625244140625, 169.54551696777344, 38.987449645996094], [13.120986938476562, 25.690444946289062, 20.82654571533203], [310.6933288574219, 13.64520263671875, 56.95989227294922]], [[167.93179321289062, 169.55213928222656, 39.978302001953125], [13.091156005859375, 25.696990966796875, 21.810420989990234], [310.6619567871094, 13.651885986328125, 57.95635986328125]], [[167.9256134033203, 169.5122528076172, 41.09911346435547], [13.083175659179688, 25.657241821289062, 22.94540023803711], [310.657470703125, 13.611846923828125, 59.062400817871094]], [[167.90234375, 169.48939514160156, 42.165653228759766], [13.05780029296875, 25.636367797851562, 24.014293670654297], [310.6328430175781, 13.587173461914062, 60.12400817871094]], [[167.8723602294922, 169.46514892578125, 43.0262451171875], [13.027359008789062, 25.614028930664062, 24.863540649414062], [310.5998229980469, 13.561141967773438, 60.99333190917969]], [[167.244140625, 170.0033721923828, 55.59930419921875], [12.405166625976562, 26.154525756835938, 37.36739730834961], [309.9619140625, 14.097259521484375, 73.62486267089844]], [[166.91090393066406, 170.03619384765625, 65.5428237915039], [12.066421508789062, 26.19708251953125, 47.280982971191406], [309.615478515625, 14.121124267578125, 83.59512329101562]], [[166.24551391601562, 170.37484741210938, 77.44393157958984], [11.402252197265625, 26.537078857421875, 59.161041259765625], [308.94622802734375, 14.458511352539062, 95.51605224609375]], [[166.15087890625, 170.3333282470703, 78.45793151855469], [11.313064575195312, 26.4931640625, 60.14775085449219], [308.8504333496094, 14.419235229492188, 96.55842590332031]], [[166.08680725097656, 170.30860900878906, 79.52186584472656], [11.253433227539062, 26.467880249023438, 61.17878723144531], [308.78326416015625, 14.39501953125, 97.65132141113281]], [[165.987060546875, 170.2989959716797, 80.52886199951172], [11.157379150390625, 26.458786010742188, 62.15043640136719], [308.67889404296875, 14.384933471679688, 98.69062805175781]], [[165.88336181640625, 170.33152770996094, 81.44740295410156], [11.056472778320312, 26.492446899414062, 63.036705017089844], [308.5702209472656, 14.416412353515625, 99.63912200927734]], [[165.80929565429688, 170.34066772460938, 82.28821563720703], [10.983795166015625, 26.503433227539062, 63.85144805908203], [308.49114990234375, 14.423843383789062, 100.50452423095703]], [[165.73211669921875, 170.37559509277344, 83.17584991455078], [10.908538818359375, 26.538711547851562, 64.72019958496094], [308.4117736816406, 14.458465576171875, 101.40657806396484]], [[165.11181640625, 170.1761016845703, 91.24193572998047], [10.297210693359375, 26.326034545898438, 72.81373596191406], [307.80853271484375, 14.271072387695312, 109.44293975830078]], [[164.32577514648438, 169.68409729003906, 99.75668334960938], [9.514816284179688, 25.824737548828125, 81.37065887451172], [307.0377197265625, 13.787628173828125, 117.91136932373047]], [[163.9559783935547, 169.771484375, 107.66950988769531], [9.132797241210938, 25.920684814453125, 89.3193130493164], [306.66412353515625, 13.867111206054688, 125.7861328125]], [[163.51242065429688, 169.84034729003906, 104.10601043701172], [7.49951171875, 26.960433959960938, 88.44383239746094], [305.5862731933594, 13.044662475585938, 119.27617645263672]], [[162.93763732910156, 169.91134643554688, 100.62335205078125], [5.7407989501953125, 28.070999145507812, 87.56700134277344], [304.2418212890625, 12.173843383789062, 112.95258331298828]], [[162.18023681640625, 170.02305603027344, 97.42510986328125], [3.8758697509765625, 29.228958129882812, 86.62016296386719], [302.62750244140625, 11.35052490234375, 107.3042984008789]], [[161.3955078125, 170.14315795898438, 93.39666748046875], [1.906829833984375, 30.494781494140625, 85.54215240478516], [300.8807373046875, 10.461212158203125, 100.1458969116211]], [[160.80499267578125, 170.2003936767578, 90.46153259277344], [0.5, 31.39971923828125, 84.40498352050781], [299.52154541015625, 9.78131103515625, 95.30252838134766]], [[160.73275756835938, 170.24537658691406, 93.7219467163086], [0.50701904296875, 31.462844848632812, 85.52903747558594], [299.3369445800781, 9.810333251953125, 100.75569152832031]], [[160.7972412109375, 170.2136688232422, 92.92957305908203], [0.5679168701171875, 31.435455322265625, 84.73363494873047], [299.3974609375, 9.774856567382812, 99.95582580566406]], [[160.8997039794922, 170.2056884765625, 91.73383331298828], [0.6796875, 31.418869018554688, 83.50167846679688], [299.5074768066406, 9.774337768554688, 98.78130340576172]], [[160.9086151123047, 170.18263244628906, 90.86537170410156], [0.6945037841796875, 31.390838623046875, 82.60254669189453], [299.52056884765625, 9.755615234375, 97.92897033691406]], [[160.9971160888672, 170.1359100341797, 89.84402465820312], [0.7882232666015625, 31.339797973632812, 81.55244445800781], [299.61260986328125, 9.712631225585938, 96.92302703857422]], [[161.56185913085938, 169.48193359375, 80.42496490478516], [1.3397369384765625, 30.700973510742188, 72.1355209350586], [300.16265869140625, 9.0455322265625, 87.49449157714844]], [[161.77391052246094, 168.81280517578125, 72.52494049072266], [1.53302001953125, 30.055572509765625, 64.20104217529297], [300.3497009277344, 8.355880737304688, 79.61920166015625]], [[161.8047637939453, 168.71180725097656, 71.61659240722656], [1.56378173828125, 29.956527709960938, 63.262046813964844], [300.3777160644531, 8.253189086914062, 78.72807312011719]], [[161.86050415039062, 168.6239471435547, 70.38919067382812], [1.6183929443359375, 29.87091064453125, 62.01856231689453], [300.43115234375, 8.16339111328125, 77.50177764892578]], [[161.95176696777344, 168.59384155273438, 69.33303833007812], [1.7053680419921875, 29.84454345703125, 60.983009338378906], [300.5205383300781, 8.13006591796875, 76.40927124023438]], [[162.03138732910156, 168.53822326660156, 68.32875061035156], [1.78375244140625, 29.792068481445312, 59.95014190673828], [300.59637451171875, 8.071731567382812, 75.41744995117188]], [[162.189697265625, 168.43936157226562, 67.19458770751953], [1.9411163330078125, 29.693862915039062, 58.823272705078125], [300.7551574707031, 7.9723358154296875, 74.26148223876953]],