{"code": 0, "data": [[[157.9581756591797, 158.1712646484375, 0.5], [7.9581756591796875, 8.1712646484375, 0.5], [307.95819091796875, 8.1712646484375, 0.5]], [[158.12303161621094, 158.55889892578125, 6.363773822784424], [8.210159301757812, 8.471832275390625, 6.329356670379639], [308.2100830078125, 8.646026611328125, 6.4051666259765625]], [[158.17681884765625, 159.00538635253906, 11.537642478942871], [8.320358276367188, 8.861984252929688, 11.538055419921875], [308.3202209472656, 9.148910522460938, 11.549703598022461]], [[158.3549346923828, 158.61756896972656, 32.76495361328125], [8.498443603515625, 8.474212646484375, 32.707252502441406], [308.498291015625, 8.761077880859375, 32.833866119384766]], [[158.3759002685547, 158.56809997558594, 50.59229278564453], [8.506973266601562, 8.437240600585938, 50.412841796875], [308.50665283203125, 8.699066162109375, 50.778892517089844]], [[158.27606201171875, 158.0448760986328, 76.48933410644531], [8.400314331054688, 7.9207305908203125, 76.43329620361328], [308.40020751953125, 8.169113159179688, 76.55258178710938]], [[158.36688232421875, 158.13809204101562, 81.8495864868164], [8.550247192382812, 7.9549560546875, 81.7890853881836], [308.54998779296875, 8.321441650390625, 81.91272735595703]], [[158.231201171875, 158.6472930908203, 117.04070281982422], [8.478866577148438, 8.400222778320312, 116.79750061035156], [308.4780578613281, 8.894760131835938, 117.28966522216797]], [[158.24661254882812, 158.78456115722656, 123.64118957519531], [8.54730224609375, 8.484756469726562, 123.34253692626953], [308.54608154296875, 9.0849609375, 123.94551849365234]], [[158.12869262695312, 158.82943725585938, 120.04279327392578], [8.39013671875, 8.600265502929688, 123.1348648071289], [308.32537841796875, 9.058944702148438, 116.91954040527344]], [[160.35073852539062, 158.87576293945312, 116.58538055419922], [13.018325805664062, 6.361907958984375, 122.30226135253906], [312.75079345703125, 11.432464599609375, 110.69496154785156]], [[161.97430419921875, 158.9498748779297, 112.75055694580078], [16.65460205078125, 4.65447998046875, 121.41752624511719], [316.0060119628906, 13.371994018554688, 103.73298645019531]], [[163.13543701171875, 159.025146484375, 109.51397705078125], [19.404373168945312, 3.3913116455078125, 120.44522857666016], [318.345458984375, 14.879165649414062, 98.03411865234375]], [[164.45167541503906, 159.1274871826172, 105.80831146240234], [22.660324096679688, 1.9358367919921875, 119.44639587402344], [320.97625732421875, 16.682296752929688, 91.33686065673828]], [[165.72750854492188, 159.24574279785156, 102.2418212890625], [25.945449829101562, 0.5, 118.3901138305664], [323.52545166015625, 18.535247802734375, 84.9106216430664]], [[164.33982849121094, 159.20884704589844, 106.05219268798828], [22.34100341796875, 2.1634063720703125, 119.20773315429688], [320.76568603515625, 16.602401733398438, 92.11089324951172]], [[163.9866180419922, 159.23497009277344, 101.70311737060547], [22.005157470703125, 2.1689910888671875, 114.80072784423828], [320.4380187988281, 16.651138305664062, 87.81744384765625]], [[163.72503662109375, 159.16746520996094, 98.28477478027344], [21.776626586914062, 2.0736541748046875, 111.40670013427734], [320.2017822265625, 16.614303588867188, 84.3699722290039]], [[161.48997497558594, 158.9256134033203, 73.31581115722656], [19.554351806640625, 1.8238677978515625, 86.48097229003906], [317.97088623046875, 16.3812255859375, 59.35808181762695]], [[160.28054809570312, 158.7666778564453, 58.80852508544922], [18.467819213867188, 1.543426513671875, 71.84680938720703], [316.89208984375, 16.356292724609375, 44.94820785522461]], [[159.89334106445312, 158.68832397460938, 53.77098083496094], [18.157882690429688, 1.390289306640625, 66.74744415283203], [316.5841064453125, 16.36053466796875, 39.957767486572266]], [[157.3388671875, 158.34645080566406, 23.982778549194336], [15.682723999023438, 0.97015380859375, 36.87615203857422], [314.11541748046875, 16.105194091796875, 10.251771926879883]], [[155.92855834960938, 158.31814575195312, 27.824247360229492], [12.261428833007812, 2.548736572265625, 37.604286193847656], [311.35711669921875, 14.318634033203125, 17.52349853515625]], [[157.35023498535156, 158.42462158203125, 31.316251754760742], [14.760696411132812, 1.498321533203125, 37.82467269897461], [314.11395263671875, 15.686630249023438, 24.174816131591797]], [[157.64559936523438, 158.8629608154297, 37.32582092285156], [15.06573486328125, 1.9293365478515625, 43.86949157714844], [314.4159851074219, 16.133026123046875, 30.16997528076172]], [[157.85711669921875, 159.1654052734375, 42.86861038208008], [15.297012329101562, 2.219482421875, 49.54664611816406], [314.63372802734375, 16.448974609375, 35.580875396728516]], [[158.51681518554688, 160.02207946777344, 60.976070404052734], [15.974258422851562, 3.0618896484375, 67.69295501708984], [315.30584716796875, 17.321365356445312, 53.64788055419922]], [[158.7813720703125, 160.22329711914062, 65.75224304199219], [16.275955200195312, 3.225799560546875, 72.38477325439453], [315.611572265625, 17.563613891601562, 58.5058479309082]], [[159.00198364257812, 160.39816284179688, 70.2292709350586], [16.542465209960938, 3.3585662841796875, 76.851318359375], [315.87445068359375, 17.784805297851562, 62.98564910888672]], [[160.24940490722656, 161.5380859375, 102.14924621582031], [17.764022827148438, 4.5172119140625, 108.65787506103516], [317.1086120605469, 18.904144287109375, 95.02567291259766]]]}