{"code": 0, "data": [[[177.2709503173828, 169.36924743652344, 0.5], [27.270950317382812, 19.369247436523438, 0.5], [327.27093505859375, 19.369247436523438, 0.5]], [[177.31178283691406, 169.21429443359375, 2.586209774017334], [27.311721801757812, 19.214385986328125, 2.631303310394287], [327.31170654296875, 19.214218139648438, 2.548802614212036]], [[177.44895935058594, 169.0566864013672, 4.945859432220459], [27.449310302734375, 19.056365966796875, 5.023191452026367], [327.44927978515625, 19.0570068359375, 4.881889343261719]], [[177.5462646484375, 168.90301513671875, 6.922074794769287], [27.546478271484375, 18.902862548828125, 7.060303688049316], [327.54638671875, 18.903167724609375, 6.800913333892822]], [[177.60987854003906, 168.6929473876953, 9.130739212036133], [27.612152099609375, 18.690765380859375, 9.297903060913086], [327.61199951171875, 18.69512939453125, 8.984495162963867]], [[178.05165100097656, 167.4957733154297, 21.79446029663086], [28.057785034179688, 17.489730834960938, 21.94689178466797], [328.0576477050781, 17.5018310546875, 21.658103942871094]], [[178.0244903564453, 167.37213134765625, 23.425060272216797], [28.032928466796875, 17.363800048828125, 23.599817276000977], [328.03277587890625, 17.380477905273438, 23.272594451904297]], [[178.00762939453125, 167.25186157226562, 25.067941665649414], [28.018890380859375, 17.240753173828125, 25.284648895263672], [328.01861572265625, 17.262954711914062, 24.87732696533203]], [[175.8727569580078, 167.10446166992188, 53.88163375854492], [25.887054443359375, 17.090301513671875, 54.08368682861328], [325.88677978515625, 17.118621826171875, 53.69710159301758]], [[175.59243774414062, 166.91482543945312, 56.03486633300781], [25.606719970703125, 16.9007568359375, 56.29292678833008], [325.6063232421875, 16.92889404296875, 55.79734802246094]], [[175.39544677734375, 166.76966857910156, 58.22840118408203], [25.408401489257812, 16.75714111328125, 58.58517837524414], [325.4075927734375, 16.782211303710938, 57.89317321777344]], [[174.51727294921875, 166.2298583984375, 67.317138671875], [24.528732299804688, 16.218887329101562, 67.70010375976562], [324.52783203125, 16.240829467773438, 66.95787811279297]], [[174.31971740722656, 165.91331481933594, 69.50949096679688], [24.334747314453125, 15.899032592773438, 69.98363494873047], [324.33331298828125, 15.927597045898438, 69.06012725830078]], [[174.18455505371094, 165.588623046875, 71.5523452758789], [24.202484130859375, 15.571731567382812, 72.10894775390625], [324.20050048828125, 15.60552978515625, 71.0202865600586]], [[174.0238800048828, 165.2716064453125, 73.728515625], [24.041046142578125, 15.25579833984375, 74.36363220214844], [324.0384521484375, 15.287429809570312, 73.11572265625]], [[173.839111328125, 164.99623107910156, 75.81388854980469], [23.85455322265625, 14.982147216796875, 76.45441436767578], [323.8518981933594, 15.01031494140625, 75.19374084472656]], [[172.7413787841797, 165.02601623535156, 80.06560516357422], [21.724868774414062, 16.068466186523438, 77.68585968017578], [321.67828369140625, 13.990798950195312, 82.54685974121094]], [[172.41159057617188, 165.0426788330078, 76.66063690185547], [20.970489501953125, 16.498565673828125, 77.15167999267578], [320.955078125, 13.600784301757812, 76.23350524902344]], [[171.9832000732422, 165.056884765625, 73.25405883789062], [20.184600830078125, 16.912155151367188, 76.46697235107422], [320.0938720703125, 13.224288940429688, 70.07656860351562]], [[171.4097442626953, 165.10336303710938, 69.26944732666016], [19.240264892578125, 17.449325561523438, 75.80628967285156], [318.92010498046875, 12.793594360351562, 62.75606155395508]], [[169.40379333496094, 165.23138427734375, 73.39533996582031], [14.915084838867188, 19.90447998046875, 77.0464859008789], [314.6915283203125, 10.699554443359375, 70.02178955078125]], [[167.7000732421875, 165.3199005126953, 76.5651626586914], [11.4324951171875, 21.867385864257812, 77.91326141357422], [311.14971923828125, 9.046676635742188, 75.62973022460938]], [[165.9114227294922, 165.40988159179688, 79.82396697998047], [7.88323974609375, 23.896514892578125, 78.79580688476562], [307.4173583984375, 7.3789520263671875, 81.3384017944336]], [[164.3627166748047, 165.49232482910156, 82.69541931152344], [4.8718109130859375, 25.6617431640625, 79.52310180664062], [304.1466369628906, 5.9712982177734375, 86.36891174316406]], [[161.99363708496094, 165.6771697998047, 86.30717468261719], [0.5, 28.258331298828125, 80.31793212890625], [299.26495361328125, 4.0758209228515625, 92.75599670410156]], [[164.4381103515625, 165.51377868652344, 83.90945434570312], [4.94183349609375, 25.7044677734375, 80.12870025634766], [304.1814270019531, 5.97467041015625, 88.27748107910156]], [[164.5314483642578, 165.50115966796875, 81.59957885742188], [5.0358734130859375, 25.691024780273438, 77.81953430175781], [304.27569580078125, 5.9627532958984375, 85.96369171142578]], [[164.56968688964844, 165.4460906982422, 79.28962707519531], [5.0752716064453125, 25.634780883789062, 75.50409698486328], [304.31500244140625, 5.9087066650390625, 83.6563949584961]], [[167.2419891357422, 163.69422912597656, 55.019287109375], [7.7506866455078125, 23.87933349609375, 51.23557662963867], [306.99090576171875, 4.160003662109375, 59.3869514465332]], [[167.39073181152344, 163.31639099121094, 52.540924072265625], [7.9007110595703125, 23.500442504882812, 48.74162292480469], [307.1402587890625, 3.7830810546875, 56.92173385620117]], [[167.56051635742188, 162.9276123046875, 50.212154388427734], [8.072784423828125, 23.110260009765625, 46.36935043334961], [307.31024169921875, 3.3955535888671875, 54.631771087646484]], [[167.68914794921875, 162.50570678710938, 47.92610549926758], [8.202835083007812, 22.687103271484375, 44.06871032714844], [307.4397888183594, 2.974700927734375, 52.35536193847656]], [[167.81968688964844, 162.19114685058594, 45.73146438598633], [8.334808349609375, 22.371200561523438, 41.86421203613281], [307.57147216796875, 2.6613311767578125, 50.167144775390625]], [[169.6737518310547, 160.0306396484375, 20.382328033447266], [10.18804931640625, 20.211654663085938, 16.5146484375], [309.4244384765625, 0.5, 24.823057174682617]], [[169.62872314453125, 160.1196746826172, 21.730159759521484], [10.145034790039062, 20.298751831054688, 17.848539352416992], [309.3807373046875, 0.5907440185546875, 26.191041946411133]], [[169.5187225341797, 160.20887756347656, 23.335033416748047], [10.03631591796875, 20.386520385742188, 19.453123092651367], [309.27215576171875, 0.6812286376953125, 27.79719352722168]], [[167.7947540283203, 160.5072021484375, 35.96394348144531], [8.313690185546875, 20.684112548828125, 32.05322265625], [307.548095703125, 0.980194091796875, 40.4511604309082]], [[167.4435272216797, 160.58839416503906, 38.21919631958008], [7.9612884521484375, 20.7655029296875, 34.34988021850586], [307.19781494140625, 1.06121826171875, 42.670536041259766]], [[167.37225341796875, 160.7602996826172, 40.292381286621094], [7.887237548828125, 20.938888549804688, 36.48407745361328], [307.1268615722656, 1.2317962646484375, 44.68638229370117]], [[166.0907440185547, 161.0588836669922, 50.970481872558594], [6.605743408203125, 21.236709594726562, 47.18987274169922], [305.8470153808594, 1.5310211181640625, 55.334815979003906]], [[165.72900390625, 161.0688934326172, 52.88766860961914], [6.244049072265625, 21.245361328125, 49.15578842163086], [305.4880065917969, 1.5422515869140625, 57.20850372314453]], [[165.4029083251953, 161.09664916992188, 55.24367904663086], [5.9156951904296875, 21.274337768554688, 51.56233215332031], [305.16217041015625, 1.5688934326171875, 59.51445388793945]], [[161.92063903808594, 161.31710815429688, 72.12799835205078], [2.4300079345703125, 21.497268676757812, 68.5018539428711], [301.6791687011719, 1.78717041015625, 76.34087371826172]], [[161.56451416015625, 161.21087646484375, 74.20201110839844], [2.07440185546875, 21.388671875, 70.64427947998047], [301.327392578125, 1.6829681396484375, 78.34750366210938]], [[161.24697875976562, 161.0616912841797, 