{"code": 0, "data": [[[168.6584014892578, 163.44772338867188, 12.316638946533203], [18.658401489257812, 13.447723388671875, 12.316638946533203], [318.65838623046875, 13.447723388671875, 12.316638946533203]], [[167.9242401123047, 163.4903564453125, 15.816492080688477], [17.191879272460938, 14.26715087890625, 19.30777359008789], [317.18829345703125, 12.798828125, 19.324905395507812]], [[167.02540588378906, 163.6587677001953, 20.101394653320312], [15.401290893554688, 15.502822875976562, 27.843746185302734], [315.38348388671875, 12.23681640625, 27.92855453491211]], [[166.15452575683594, 163.94639587402344, 24.27838706970215], [13.671585083007812, 16.948944091796875, 36.14027404785156], [313.62969970703125, 11.941177368164062, 36.34000778198242]], [[165.47329711914062, 164.25680541992188, 27.545801162719727], [12.322097778320312, 18.251022338867188, 42.61308288574219], [312.2542724609375, 11.880767822265625, 42.936851501464844]], [[164.41563415527344, 164.88856506347656, 32.61878967285156], [10.233154296875, 20.572250366210938, 52.632843017578125], [310.112548828125, 12.086593627929688, 53.209041595458984]], [[163.81011962890625, 165.3330535888672, 35.5230712890625], [9.040695190429688, 22.066741943359375, 58.35260772705078], [308.88299560546875, 12.370025634765625, 59.10641098022461]], [[162.80892944335938, 166.20201110839844, 40.32530975341797], [7.074554443359375, 24.805923461914062, 67.7834701538086], [306.8443298339844, 13.106704711914062, 68.88450622558594]], [[162.92478942871094, 166.32571411132812, 41.58918762207031], [7.1904296875, 24.929611206054688, 69.04734802246094], [306.960205078125, 13.23040771484375, 70.14837646484375]], [[163.0275421142578, 166.4967041015625, 42.72624969482422], [7.293182373046875, 25.100601196289062, 70.18441009521484], [307.0629577636719, 13.401397705078125, 71.28544616699219]], [[163.1232452392578, 166.62356567382812, 43.87428283691406], [7.388885498046875, 25.227462768554688, 71.33244323730469], [307.15863037109375, 13.52825927734375, 72.4334716796875]], [[163.2210235595703, 166.7952880859375, 45.05823516845703], [7.4866485595703125, 25.399185180664062, 72.51638793945312], [307.25640869140625, 13.699966430664062, 73.61742401123047]], [[163.3238983154297, 166.95901489257812, 46.32512664794922], [7.58953857421875, 25.56292724609375, 73.78327941894531], [307.35931396484375, 13.86370849609375, 74.88432312011719]], [[163.44525146484375, 167.1669921875, 47.543312072753906], [7.7108917236328125, 25.770889282226562, 75.00146484375], [307.48065185546875, 14.071685791015625, 76.10250854492188]], [[163.4398193359375, 167.2958221435547, 48.6276741027832], [7.7054443359375, 25.89971923828125, 76.08583068847656], [307.4752197265625, 14.200515747070312, 77.18685913085938]], [[163.4536590576172, 169.3454132080078, 60.99822235107422], [7.71929931640625, 27.949310302734375, 88.45637512207031], [307.48907470703125, 16.250106811523438, 89.55741882324219]], [[163.94854736328125, 170.93263244628906, 71.43824768066406], [8.21417236328125, 29.536529541015625, 98.89640808105469], [307.98394775390625, 17.837326049804688, 99.9974365234375]], [[164.39613342285156, 172.81871032714844, 83.80302429199219], [8.661758422851562, 31.422607421875, 111.26118469238281], [308.4315185546875, 19.723403930664062, 112.36221313476562]], [[164.4352569580078, 172.95811462402344, 84.62100219726562], [8.700897216796875, 31.56201171875, 112.07916259765625], [308.47064208984375, 19.86279296875, 113.18019104003906]], [[164.50897216796875, 173.12838745117188, 85.55697631835938], [8.77459716796875, 31.7322998046875, 113.01513671875], [308.54437255859375, 20.0330810546875, 114.11616516113281]], [[164.5645294189453, 173.28564453125, 86.5650634765625], [8.830154418945312, 31.889541625976562, 114.02322387695312], [308.59991455078125, 20.190338134765625, 115.12425231933594]], [[164.6220703125, 173.42959594726562, 87.2584228515625], [8.8876953125, 32.03349304199219, 114.71658325195312], [308.657470703125, 20.334274291992188, 115.81761169433594]], [[164.66429138183594, 173.59791564941406, 88.2156982421875], [8.929931640625, 32.201812744140625, 115.67385864257812], [308.69970703125, 20.502593994140625, 116.77488708496094]], [[164.72715759277344, 173.7323760986328, 88.91256713867188], [8.992782592773438, 32.336273193359375, 116.3707275390625], [308.7625732421875, 20.637054443359375, 117.47175598144531]], [[165.1048583984375, 175.38613891601562, 97.10548400878906], [9.370498657226562, 33.99003601074219, 124.56364440917969], [309.1402587890625, 22.290817260742188, 125.66468811035156]], [[165.07029724121094, 176.49496459960938, 105.3133544921875], [9.3359375, 35.09886169433594, 132.77151489257812], [309.105712890625, 23.399658203125, 133.87254333496094]], [[165.98570251464844, 178.20086669921875, 113.46240234375], [10.251327514648438, 36.804771423339844, 140.92056274414062], [310.0211181640625, 25.105560302734375, 142.02159118652344]], [[165.1063995361328, 177.5911865234375, 109.8157958984375], [8.529159545898438, 36.439605712890625, 133.4757537841797], [308.2261047363281, 23.032012939453125, 134.8799591064453]], [[164.26739501953125, 177.0957489013672, 106.30470275878906], [6.8907928466796875, 36.270782470703125, 126.32807922363281], [306.5083923339844, 21.219085693359375, 127.98324584960938]], [[163.42965698242188, 176.68646240234375, 102.76783752441406], [5.2598419189453125, 36.27992248535156, 119.14802551269531], [304.7884521484375, 19.572799682617188, 121.01583862304688]], [[162.4466552734375, 176.31698608398438, 98.57713317871094], [3.3523712158203125, 36.521217346191406, 110.66647338867188], [302.76385498046875, 17.853607177734375, 112.73460388183594]], [[161.77838134765625, 176.13543701171875, 95.70285034179688], [2.05963134765625, 36.83012390136719, 104.86526489257812], [301.383544921875, 16.818466186523438, 107.03865051269531]], [[161.9490203857422, 176.37376403808594, 98.85377502441406], [2.389129638671875, 37.130531311035156, 111.18109130859375], [301.7366027832031, 17.471359252929688, 113.3265380859375]], [[161.88800048828125, 176.18643188476562, 97.97978210449219], [2.3281097412109375, 36.943199157714844, 110.30709838867188], [301.67559814453125, 17.284027099609375, 112.45254516601562]], [[161.89512634277344, 176.0546112060547, 96.91139221191406], [2.335235595703125, 36.81138610839844, 109.23870849609375], [301.6827087402344, 17.1522216796875, 111.38417053222656]], [[161.84104919433594, 175.85438537597656, 96.04205322265625], [2.2811431884765625, 36.611167907714844, 108.36936950683594], [301.6286315917969, 16.951995849609375, 110.51481628417969]], [[161.8468780517578, 175.72901916503906, 95.11711120605469], [2.2869873046875, 36.48578643798828, 107.44442749023438], [301.63446044921875, 16.826614379882812, 109.58987426757812]], [[161.46128845214844, 174.1304931640625, 85.71537780761719], [1.901397705078125, 34.88726806640625, 98.04269409179688], [301.2488708496094, 15.228103637695312, 100.18815612792969]], [[160.95901489257812, 172.61778259277344, 77.10746765136719], [1.39910888671875, 33.37455749511719, 89.43478393554688], [300.74658203125, 13.71539306640625, 91.58023071289062]], [[160.92298889160156, 172.45643615722656, 76.18739318847656], [1.3630828857421875, 33.21321105957031, 88.51470947265625], [300.7105712890625, 13.554046630859375, 90.66015625]], [[160.78744506835938, 172.23146057128906, 75.07308959960938], [1.2275543212890625, 32.98823547363281, 87.40040588378906], [300.57501220703125, 13.329071044921875, 89.54585266113281]], [[160.74847412109375, 172.07424926757812, 74.10294342041016], [1.188568115234375, 32.831024169921875, 86.43025207519531], [300.53607177734375, 13.171859741210938, 88.57571411132812]], [[160.696044921875, 171.84939575195312, 73.166259765625], [1.1361541748046875, 32.606170654296875, 85.49357604980469], [300.483642578125, 12.947006225585938, 87.63902282714844]], [[160.62632751464844, 171.67996215820312, 72.11012268066406], [1.066436767578125, 32.436737060546875, 84.43743896484375], [300.4139099121094, 12.777572631835938, 