{"code": 0, "data": [[[163.68104553222656, 277.49853515625, 751.9361572265625], [13.681045532226562, 127.49853515625, 751.9361572265625], [313.6810302734375, 127.49853515625, 751.9361572265625]], [[163.68101501464844, 277.498291015625, 751.9363403320312], [13.681015014648438, 127.498291015625, 751.9363403320312], [313.6810302734375, 127.498291015625, 751.9364013671875]], [[163.68106079101562, 277.499267578125, 751.9366455078125], [13.681167602539062, 127.49916076660156, 751.9366455078125], [313.68115234375, 127.49937438964844, 751.9367065429688]], [[170.5475616455078, 280.2020568847656, 753.4563598632812], [20.703781127929688, 130.04603576660156, 753.3450317382812], [320.70361328125, 130.35830688476562, 753.3533325195312]], [[174.49795532226562, 277.8951721191406, 752.93505859375], [24.540634155273438, 127.85260009765625, 752.7743530273438], [324.54058837890625, 127.93809509277344, 752.6602172851562]], [[174.78570556640625, 278.2907409667969, 752.971923828125], [24.852783203125, 128.2238006591797, 752.810546875], [324.85272216796875, 128.35806274414062, 752.688720703125]], [[174.0475616455078, 277.7391662597656, 752.4798583984375], [24.064376831054688, 127.722412109375, 752.3496704101562], [324.0643310546875, 127.75621032714844, 752.1932373046875]], [[171.7073516845703, 277.2284240722656, 750.9918823242188], [21.639312744140625, 127.2965087890625, 750.9347534179688], [321.6392517089844, 127.16050720214844, 750.7823486328125]], [[169.94070434570312, 276.95648193359375, 748.4307250976562], [19.82452392578125, 127.07279968261719, 748.5364990234375], [319.8243408203125, 126.84028625488281, 748.3160400390625]], [[169.03823852539062, 276.9933166503906, 744.3693237304688], [18.916366577148438, 127.11572265625, 744.7262573242188], [318.91607666015625, 126.87126159667969, 744.3934936523438]], [[168.8955841064453, 277.1759948730469, 737.5501098632812], [18.801712036132812, 127.27197265625, 738.3335571289062], [318.80133056640625, 127.08218383789062, 737.8872680664062]], [[168.6397247314453, 276.8748474121094, 728.5297241210938], [18.527923583984375, 126.99282836914062, 729.881591796875], [318.5272216796875, 126.76425170898438, 729.2688598632812]], [[168.07315063476562, 276.2889099121094, 716.3533325195312], [17.919143676757812, 126.45811462402344, 718.4769287109375], [317.9176940917969, 126.13880920410156, 717.6015625]], [[167.61245727539062, 275.47235107421875, 701.6580200195312], [17.401596069335938, 125.71401977539062, 704.680908203125], [317.3990478515625, 125.27081298828125, 703.5220336914062]], [[167.54054260253906, 274.3486633300781, 686.51318359375], [17.258102416992188, 124.68389892578125, 690.4688110351562], [317.25396728515625, 124.08338928222656, 689.011962890625]], [[167.3215789794922, 272.97747802734375, 670.8797607421875], [16.950576782226562, 123.43040466308594, 675.803466796875], [316.9443054199219, 122.63421630859375, 674.0336303710938]], [[166.73980712890625, 271.91876220703125, 655.8784790039062], [16.307723999023438, 122.467041015625, 661.741455078125], [316.29925537109375, 121.52775573730469, 659.689697265625]], [[165.9094696044922, 270.4310607910156, 639.9470825195312], [15.377349853515625, 121.12203979492188, 646.7953491210938], [315.3658447265625, 119.95657348632812, 644.4430541992188]], [[165.96981811523438, 268.9757995605469, 624.68701171875], [15.355072021484375, 119.79740905761719, 632.49755859375], [315.34002685546875, 118.43618774414062, 629.8212280273438]], [[166.00729370117188, 267.3643493652344, 609.0477294921875], [15.316116333007812, 118.31768798828125, 617.837890625], [315.29754638671875, 116.770751953125, 614.8779907226562]], [[166.4709014892578, 265.4517822265625, 593.3049926757812], [15.689208984375, 116.55747985839844, 603.070556640625], [315.666259765625, 114.79167175292969, 599.8070068359375]], [[166.62991333007812, 262.89453125, 569.040283203125], [15.740493774414062, 114.21481323242188, 580.29736328125], [315.7103271484375, 112.1683349609375, 576.5667114257812]], [[167.36376953125, 261.0321960449219, 553.6920166015625], [16.407272338867188, 112.4935302734375, 565.8738403320312], [316.3728332519531, 110.27149963378906, 561.908447265625]], [[167.30555725097656, 258.9894714355469, 537.9889526367188], [16.26092529296875, 110.62295532226562, 551.1376342773438], [316.2205810546875, 108.17364501953125, 546.8713989257812]], [[165.88514709472656, 256.8692932128906, 521.92724609375], [14.74163818359375, 108.69290161132812, 536.0479736328125], [314.695068359375, 105.99224853515625, 531.5047607421875]], [[164.4901885986328, 254.89974975585938, 506.8510437011719], [13.262802124023438, 106.90116882324219, 521.9075927734375], [313.2098083496094, 103.9769287109375, 517.0870971679688]], [[164.59039306640625, 252.76966857910156, 491.208740234375], [13.293594360351562, 104.94247436523438, 507.22119140625], [313.23419189453125, 101.82054138183594, 502.134521484375]], [[164.9656524658203, 250.43893432617188, 475.68109130859375], [13.59271240234375, 102.79490661621094, 492.6362609863281], [313.5264587402344, 99.45878601074219, 487.28631591796875]], [[165.33380126953125, 248.10231018066406, 459.8524169921875], [13.893234252929688, 100.64108276367188, 477.7672424316406], [313.81915283203125, 97.10017395019531, 472.118408203125]], [[166.1475830078125, 245.67001342773438, 444.72247314453125], [14.637252807617188, 98.39706420898438, 463.57177734375], [314.55548095703125, 94.64747619628906, 457.6563720703125]], [[167.63941955566406, 243.0363006591797, 429.2919616699219], [16.06231689453125, 95.95558166503906, 449.0819396972656], [315.9720764160156, 91.99725341796875, 442.8798828125]], [[168.4584197998047, 240.2596893310547, 413.72589111328125], [16.800506591796875, 93.39549255371094, 434.481201171875], [316.70098876953125, 89.1951904296875, 427.99658203125]], [[169.44419860839844, 237.17041015625, 398.047119140625], [17.6865234375, 90.54606628417969, 419.7475280761719], [317.577392578125, 86.06556701660156, 413.0098876953125]], [[170.67071533203125, 234.49295043945312, 382.74273681640625], [18.862350463867188, 88.06674194335938, 405.40521240234375], [318.743896484375, 83.39834594726562, 398.3870544433594]], [[171.79913330078125, 231.48214721679688, 367.6090087890625], [19.909011840820312, 85.284912109375, 391.1835021972656], [319.780517578125, 80.36701965332031, 383.91033935546875]], [[173.43434143066406, 228.4284210205078, 352.05828857421875], [21.47845458984375, 82.45216369628906, 376.5601806640625], [321.3399658203125, 77.3131103515625, 369.0317077636719]], [[174.65994262695312, 225.28582763671875, 336.91717529296875], [22.625274658203125, 79.55348205566406, 362.3640441894531], [322.4759216308594, 74.16232299804688, 354.584228515625]], [[175.0742645263672, 222.0857391357422, 321.6600341796875], [22.95733642578125, 76.602783203125, 348.02569580078125], [322.7961730957031, 70.94819641113281, 339.98175048828125]], [[175.76087951660156, 219.08767700195312, 306.6580810546875], [23.58465576171875, 73.83395385742188, 333.9299011230469], [323.4126281738281, 67.96311950683594, 325.640380859375]], [[176.8665771484375, 215.99136352539062, 291.95257568359375], [24.629669189453125, 70.96975708007812, 320.1068420410156], [324.44683837890625, 64.88017272949219, 311.58636474609375]], [[177.7156524658203, 212.68511962890625, 277.59393310546875], [25.405487060546875, 67.91767883300781, 306.6455993652344], [325.20880126953125, 61.568695068359375, 297.83258056640625]], [[178.08363342285156, 209.12698364257812, 262.3786315917969], [25.687118530273438, 64.64222717285156, 292.36968994140625], [325.47711181640625, 58.00859069824219, 283.3165283203125]], [[177.65524291992188, 205.69564819335938, 247.59613037109375], [25.178665161132812, 61.48896789550781, 278.5045166015625], [324.9554443359375, 54.583099365234375, 269.22125244140625]], [[176.8961639404297, 202.3123779296875, 232.844970703125], [24.347793579101562, 58.38322448730469, 264.6788330078125], [324.1102294921875, 51.212615966796875, 255.13577270507812]], [[176.149169921875, 198.8291473388672, 