{"code": 0, "data": [[[150.5, 171.54100036621094, 0.5], [0.5, 21.541000366210938, 0.5], [300.5, 21.541000366210938, 0.5]], [[151.08877563476562, 170.76687622070312, 6.9765191078186035], [1.088775634765625, 20.766876220703125, 6.976518630981445], [301.0887756347656, 20.766876220703125, 6.976521015167236]], [[151.75973510742188, 170.03610229492188, 13.379952430725098], [1.759735107421875, 20.036102294921875, 13.379951477050781], [301.7597351074219, 20.036102294921875, 13.3799467086792]], [[155.2267608642578, 166.2080535888672, 39.992828369140625], [5.226776123046875, 16.208053588867188, 39.99283218383789], [305.2267761230469, 16.208053588867188, 39.992835998535156]], [[159.0545654296875, 162.27317810058594, 67.94314575195312], [9.0545654296875, 12.273178100585938, 67.94314575195312], [309.0545654296875, 12.273178100585938, 67.94315338134766]], [[164.05960083007812, 156.70794677734375, 102.06675720214844], [14.059585571289062, 6.70794677734375, 102.06675720214844], [314.0595703125, 6.70794677734375, 102.06675720214844]], [[164.494140625, 156.4180908203125, 107.28849792480469], [14.494140625, 6.4180908203125, 107.28850555419922], [314.494140625, 6.4180908203125, 107.28849792480469]], [[167.69322204589844, 155.02859497070312, 137.0109100341797], [17.693222045898438, 5.028594970703125, 137.0109100341797], [317.6932373046875, 5.028594970703125, 137.01092529296875]], [[168.52037048339844, 154.67343139648438, 143.22024536132812], [18.520370483398438, 4.6734466552734375, 143.22024536132812], [318.5203857421875, 4.673431396484375, 143.22024536132812]], [[168.33499145507812, 154.72225952148438, 139.397705078125], [18.14971923828125, 4.95648193359375, 135.57754516601562], [318.14947509765625, 4.5857086181640625, 135.57281494140625]], [[170.55722045898438, 154.8564910888672, 136.09756469726562], [22.607887268066406, 3.0041351318359375, 128.8961639404297], [322.5802307128906, 7.0749359130859375, 129.05360412597656]], [[172.119384765625, 155.12786865234375, 132.1219482421875], [25.761611938476562, 1.986297607421875, 120.84996032714844], [325.6751708984375, 9.178329467773438, 121.19738006591797]], [[173.32447814941406, 155.4209747314453, 129.05615234375], [28.205642700195312, 1.36895751953125, 114.61660766601562], [328.051513671875, 10.968048095703125, 115.16753387451172]], [[174.75308227539062, 155.86346435546875, 125.42296600341797], [31.115676879882812, 0.8275909423828125, 107.19728088378906], [330.8559265136719, 13.27935791015625, 108.0541000366211]], [[176.14752197265625, 156.39553833007812, 121.87796783447266], [33.96947479248047, 0.5, 99.92393493652344], [333.5798645019531, 15.735305786132812, 101.14747619628906]], [[174.4979248046875, 155.78138732910156, 126.03233337402344], [30.594894409179688, 0.9180755615234375, 108.44612884521484], [330.35601806640625, 12.860580444335938, 109.24272918701172]], [[174.6234893798828, 156.79559326171875, 120.50334930419922], [30.72046661376953, 1.932281494140625, 102.91714477539062], [330.4815979003906, 13.874786376953125, 103.71373748779297]], [[174.72914123535156, 157.72296142578125, 114.85637664794922], [30.82611846923828, 2.859649658203125, 97.27017211914062], [330.5872802734375, 14.802154541015625, 98.0667724609375]], [[174.76023864746094, 162.1905059814453, 89.88230895996094], [30.857215881347656, 7.3271942138671875, 72.29610443115234], [330.61834716796875, 19.269699096679688, 73.09269714355469]], [[174.56666564941406, 164.46554565429688, 72.66513061523438], [30.66364288330078, 9.60223388671875, 55.078922271728516], [330.4248046875, 21.54473876953125, 55.875518798828125]], [[174.55191040039062, 165.50216674804688, 66.30517578125], [30.648887634277344, 10.63885498046875, 48.71896743774414], [330.4100341796875, 22.58135986328125, 49.51556396484375]], [[174.18045043945312, 172.91717529296875, 23.438499450683594], [30.277427673339844, 18.053878784179688, 5.852287292480469], [330.03857421875, 29.996368408203125, 6.648891448974609]], [[172.48216247558594, 172.5322723388672, 26.552444458007812], [26.822555541992188, 18.9779052734375, 12.257779121398926], [326.7002258300781, 27.53271484375, 12.69919204711914]], [[173.6782684326172, 172.27685546875, 30.13416290283203], [29.25359344482422, 17.277999877929688, 19.323455810546875], [329.05364990234375, 28.2109375, 19.96038818359375]], [[172.50013732910156, 171.76495361328125, 36.42058181762695], [28.075469970703125, 16.766098022460938, 25.609872817993164], [327.8755187988281, 27.69903564453125, 26.246803283691406]], [[171.40573120117188, 171.238037109375, 42.94234085083008], [26.98107147216797, 16.239181518554688, 32.13163375854492], [326.7811279296875, 27.172119140625, 32.7685661315918]], [[167.99752807617188, 169.3869171142578, 65.41461944580078], [23.572860717773438, 14.3880615234375, 54.603912353515625], [323.3729248046875, 25.320999145507812, 55.2408447265625]], [[167.1409149169922, 169.1422882080078, 70.83185577392578], [22.71623992919922, 14.143447875976562, 60.021148681640625], [322.51629638671875, 25.076370239257812, 60.658077239990234]], [[166.31275939941406, 168.9545135498047, 75.86192321777344], [21.888092041015625, 13.955673217773438, 65.05122375488281], [321.6881408691406, 24.888595581054688, 65.68814849853516]], [[160.093994140625, 166.55270385742188, 114.27979278564453], [15.6693115234375, 11.553863525390625, 103.46908569335938], [315.4693603515625, 22.486801147460938, 104.10601806640625]]]}