{"code": 0, "data": [[[219.57508850097656, 187.55503845214844, 816.7498168945312], [69.57508850097656, 37.55503845214844, 816.7498168945312], [369.5750732421875, 37.55503845214844, 816.7498168945312]], [[219.57508850097656, 187.55503845214844, 816.7498168945312], [69.57508850097656, 37.55503845214844, 816.7499389648438], [369.5750732421875, 37.55503845214844, 816.7496948242188]], [[219.5751495361328, 187.55528259277344, 816.7494506835938], [69.57514953613281, 37.55528259277344, 816.7495727539062], [369.57513427734375, 37.55528259277344, 816.7493286132812]], [[219.57528686523438, 187.55526733398438, 816.7501831054688], [69.57528686523438, 37.555267333984375, 816.7503051757812], [369.5752868652344, 37.555267333984375, 816.7500610351562]], [[219.57521057128906, 187.55503845214844, 816.7493286132812], [69.5751953125, 37.5550537109375, 816.7493286132812], [369.5751953125, 37.55503845214844, 816.7493286132812]], [[219.54014587402344, 187.53515625, 816.7660522460938], [69.53840637207031, 37.536895751953125, 816.7525634765625], [369.53839111328125, 37.53343200683594, 816.7781982421875]], [[219.890625, 187.71017456054688, 816.814453125], [69.91853332519531, 37.682281494140625, 816.7474975585938], [369.91851806640625, 37.73811340332031, 816.7177124023438]], [[220.98548889160156, 188.1945037841797, 817.1302490234375], [71.10279846191406, 38.07757568359375, 816.8297729492188], [371.1026916503906, 38.31227111816406, 816.7488403320312]], [[221.00701904296875, 188.1748809814453, 816.9334106445312], [71.124755859375, 38.057525634765625, 816.6322021484375], [371.1246337890625, 38.2930908203125, 816.5494995117188]], [[220.95669555664062, 188.13388061523438, 816.7796630859375], [71.06985473632812, 38.021087646484375, 816.4944458007812], [371.06976318359375, 38.24748229980469, 816.4058227539062]], [[221.06204223632812, 188.29237365722656, 816.385009765625], [71.18548583984375, 38.16923522949219, 816.1305541992188], [371.18536376953125, 38.41624450683594, 816.0158081054688]], [[220.9343719482422, 188.17796325683594, 815.7039184570312], [71.04808044433594, 38.06449890136719, 815.4930419921875], [371.0479736328125, 38.29206848144531, 815.349365234375]], [[220.66757202148438, 187.10203552246094, 814.102294921875], [70.64350891113281, 37.12615966796875, 813.9777221679688], [370.64349365234375, 37.07814025878906, 813.858154296875]], [[219.8160858154297, 187.11868286132812, 813.004638671875], [69.75210571289062, 37.1827392578125, 812.9031982421875], [369.7519836425781, 37.054962158203125, 812.6822509765625]], [[219.41592407226562, 186.9455108642578, 810.8147583007812], [69.33027648925781, 37.031219482421875, 810.7877197265625], [369.3300476074219, 36.86009216308594, 810.4685668945312]], [[219.31716918945312, 187.0469970703125, 807.5756225585938], [69.24205017089844, 37.1221923828125, 807.6864013671875], [369.24176025390625, 36.97187805175781, 807.3040161132812]], [[218.60830688476562, 186.53555297851562, 803.4984130859375], [68.49884033203125, 36.645355224609375, 803.7811889648438], [368.498291015625, 36.42582702636719, 803.2593994140625]], [[218.05638122558594, 186.5061492919922, 798.2354736328125], [67.93061828613281, 36.63282775878906, 798.7252197265625], [367.9298095703125, 36.37974548339844, 798.0725708007812]], [[217.8040771484375, 186.2550048828125, 791.7639770507812], [67.65455627441406, 36.40632629394531, 792.4674072265625], [367.6534423828125, 36.10450744628906, 791.7059326171875]], [[218.11892700195312, 186.1075897216797, 784.0148315429688], [67.95082092285156, 36.2791748046875, 785.007568359375], [367.9490966796875, 35.93797302246094, 784.0572509765625]], [[218.09725952148438, 186.01719665527344, 775.3426513671875], [67.91534423828125, 36.20509338378906, 776.6589965820312], [367.9127197265625, 35.83294677734375, 775.4623413085938]], [[218.1670684814453, 185.61599731445312, 765.7491455078125], [67.94357299804688, 35.849029541015625, 767.4103393554688], [367.9397277832031, 35.38916015625, 765.9634399414062]], [[218.12789916992188, 185.46131896972656, 755.8211059570312], [67.87908935546875, 35.723236083984375, 757.7715454101562], [367.87469482421875, 35.2091064453125, 756.2341918945312]], [[218.0992431640625, 185.4737091064453, 745.8033447265625], [67.81907653808594, 35.7723388671875, 748.12109375], [367.81298828125, 35.188812255859375, 746.3001708984375]], [[218.04359436035156, 185.54421997070312, 735.108154296875], [67.70968627929688, 35.90203857421875, 737.740966796875], [367.70257568359375, 35.20558166503906, 735.7974853515625]], [[217.8553924560547, 185.3468017578125, 724.8565063476562], [67.45327758789062, 35.779388427734375, 727.8213500976562], [367.44427490234375, 34.93890380859375, 725.6530151367188]], [[217.34927368164062, 185.53955078125, 713.947998046875], [66.85791015625, 36.070037841796875, 717.2973022460938], [366.8463134765625, 35.041107177734375, 714.8690795898438]], [[217.3998260498047, 185.91104125976562, 703.3403930664062], [66.83740234375, 36.52201843261719, 707.0657348632812], [366.8232116699219, 35.340362548828125, 704.39794921875]], [[217.067138671875, 186.00323486328125, 692.8888549804688], [66.39753723144531, 36.73161315917969, 696.9696044921875], [366.3802490234375, 35.32408142089844, 694.0712280273438]], [[217.178955078125, 186.27359008789062, 682.3872680664062], [66.44181823730469, 37.08021545410156, 686.8209228515625], [366.4217834472656, 35.52613830566406, 683.721923828125]], [[217.5233154296875, 186.23316955566406, 671.9407958984375], [66.67506408691406, 37.162750244140625, 676.717529296875], [366.6517028808594, 35.373931884765625, 673.4288330078125]], [[218.18167114257812, 186.3568115234375, 661.2675170898438], [67.25775146484375, 37.37422180175781, 666.3820190429688], [367.2314758300781, 35.42169189453125, 662.924072265625]], [[217.98312377929688, 186.46151733398438, 650.5944213867188], [66.95872497558594, 37.592437744140625, 656.0377807617188], [366.92864990234375, 35.42497253417969, 652.3825073242188]], [[218.11538696289062, 186.37557983398438, 640.1788330078125], [66.99237060546875, 37.620391845703125, 645.9859619140625], [366.9574890136719, 35.238494873046875, 642.080322265625]], [[217.9722442626953, 186.67584228515625, 629.8094482421875], [66.78591918945312, 37.99794006347656, 635.9393920898438], [366.74774169921875, 35.47532653808594, 631.8719482421875]], [[218.0122528076172, 186.53036499023438, 619.7022705078125], [66.72496032714844, 37.969146728515625, 626.1610107421875], [366.6822509765625, 35.22810363769531, 621.9061889648438]], [[217.5863037109375, 186.55361938476562, 606.542236328125], [66.17147827148438, 38.141265869140625, 613.4215087890625], [366.1227111816406, 35.123046875, 608.9327392578125]], [[217.7582550048828, 186.6992950439453, 596.4369506835938], [66.26313781738281, 38.38581848144531, 603.6719970703125], [366.20867919921875, 35.18614196777344, 598.9349365234375]], [[217.66326904296875, 186.6649932861328, 585.6488037109375], [66.07377624511719, 38.4659423828125, 593.2427978515625], [366.0135803222656, 35.05632019042969, 588.2941284179688]], [[217.98553466796875, 186.76515197753906, 575.4813842773438], [66.29612731933594, 38.68560791015625, 583.404052734375], [366.2299499511719, 35.05522155761719, 578.2542114257812]], [[217.73951721191406, 186.723876953125, 565.4783935546875], [65.96250915527344, 38.75067138671875, 573.7044677734375], [365.89141845703125, 34.926544189453125, 568.4095458984375]], [[217.41416931152344, 186.80313110351562, 555.2116088867188], [65.55259704589844, 38.935882568359375, 563.775634765625], [365.47607421875, 34.921539306640625, 558.3182373046875]], [[217.51834106445312, 186.50852966308594, 545.394287109375], [65.57249450683594, 38.74513244628906, 554.2508544921875], [365.4906921386719, 34.54270935058594, 548.645751953125]], [[217.1717071533203, 186.58026123046875, 534.8330078125], [65.14266967773438, 38.92558288574219, 544.0670776367188], [365.0528564453125, 34.527984619140625, 538.1900024414062]], [[217.31956481933594, 186.20718383789062, 525.028076171875], [65.19131469726562, 