{"code": 0, "data": [[[174.0765380859375, 166.4028778076172, 0.5], [24.0765380859375, 16.402877807617188, 0.5], [324.0765380859375, 16.402877807617188, 0.5]], [[174.1407928466797, 166.2798614501953, 2.5915162563323975], [24.140792846679688, 16.279861450195312, 2.591512680053711], [324.14080810546875, 16.279861450195312, 2.591512680053711]], [[174.17857360839844, 166.21084594726562, 4.637542724609375], [24.178573608398438, 16.210845947265625, 4.637540817260742], [324.1785888671875, 16.210845947265625, 4.637540817260742]], [[174.2538604736328, 166.14381408691406, 6.515200614929199], [24.253860473632812, 16.143814086914062, 6.515199661254883], [324.25384521484375, 16.143814086914062, 6.515199661254883]], [[174.29954528808594, 166.07899475097656, 8.648661613464355], [24.299545288085938, 16.078994750976562, 8.648663520812988], [324.299560546875, 16.078994750976562, 8.648663520812988]], [[175.3002166748047, 166.07247924804688, 21.10524559020996], [25.300216674804688, 16.072479248046875, 21.10524559020996], [325.30023193359375, 16.072479248046875, 21.10524559020996]], [[175.27047729492188, 166.10385131835938, 22.856515884399414], [25.270477294921875, 16.103851318359375, 22.856517791748047], [325.2704772949219, 16.103851318359375, 22.856517791748047]], [[175.2296600341797, 166.1229248046875, 24.686979293823242], [25.229660034179688, 16.1229248046875, 24.68697738647461], [325.22967529296875, 16.1229248046875, 24.68697738647461]], [[176.56497192382812, 167.09100341796875, 53.74600601196289], [26.564971923828125, 17.09100341796875, 53.746002197265625], [326.5649719238281, 17.09100341796875, 53.746002197265625]], [[176.30722045898438, 166.98658752441406, 55.767791748046875], [26.307220458984375, 16.986587524414062, 55.76778793334961], [326.3072204589844, 16.986587524414062, 55.76779556274414]], [[176.1372833251953, 166.9005126953125, 57.799591064453125], [26.137283325195312, 16.900527954101562, 57.799591064453125], [326.13726806640625, 16.9005126953125, 57.79959487915039]], [[175.289306640625, 166.28543090820312, 66.10067749023438], [25.289306640625, 16.285430908203125, 66.10067749023438], [325.289306640625, 16.285430908203125, 66.10067749023438]], [[175.06964111328125, 165.9884490966797, 68.16674041748047], [25.069625854492188, 15.988449096679688, 68.16674041748047], [325.06964111328125, 15.988449096679688, 68.16674041748047]], [[174.81080627441406, 165.65951538085938, 70.27960205078125], [24.810806274414062, 15.659515380859375, 70.27960968017578], [324.810791015625, 15.659500122070312, 70.27960205078125]], [[174.5587158203125, 165.3735809326172, 72.38957977294922], [24.5587158203125, 15.373580932617188, 72.38957977294922], [324.5587158203125, 15.373580932617188, 72.38958740234375]], [[174.3075408935547, 165.15110778808594, 74.42767333984375], [24.307540893554688, 15.151107788085938, 74.42767333984375], [324.30755615234375, 15.151107788085938, 74.42767333984375]], [[173.49679565429688, 165.21018981933594, 78.55867767333984], [22.688262939453125, 16.08001708984375, 82.67852020263672], [322.68389892578125, 14.45855712890625, 82.70085144042969]], [[172.94912719726562, 165.15919494628906, 75.18879699707031], [21.596878051757812, 16.525604248046875, 75.9298095703125], [321.5845947265625, 13.808944702148438, 75.97002410888672]], [[172.45445251464844, 165.17999267578125, 72.14093780517578], [20.612823486328125, 17.06243896484375, 69.83661651611328], [320.58990478515625, 13.355300903320312, 69.87178039550781]], [[171.82461547851562, 165.2987518310547, 68.25468444824219], [19.362274169921875, 17.931411743164062, 62.081932067871094], [319.32110595703125, 12.96136474609375, 62.08146286010742]], [[169.7869873046875, 165.237060546875, 72.11588287353516], [15.334564208984375, 19.843215942382812, 69.86193084716797], [315.19830322265625, 10.802810668945312, 69.74626159667969]], [[168.1201171875, 165.2812042236328, 75.28138732910156], [12.060379028320312, 21.599212646484375, 76.20105743408203], [311.80499267578125, 9.223403930664062, 76.06915283203125]], [[166.38226318359375, 165.4184112548828, 78.58831024169922], [8.666717529296875, 23.615066528320312, 82.78575134277344], [308.24725341796875, 7.756378173828125, 82.71214294433594]], [[164.81817626953125, 165.6220703125, 81.57039642333984], [5.6298980712890625, 25.592086791992188, 88.69063568115234], [305.0277404785156, 6.593963623046875, 88.735595703125]], [[162.73770141601562, 166.01181030273438, 85.5456771850586], [1.6164093017578125, 28.463134765625, 96.51332092285156], [300.71929931640625, 5.2819061279296875, 96.81404876708984]], [[165.46820068359375, 165.65692138671875, 82.99251556396484], [6.8904876708984375, 25.018234252929688, 91.58726501464844], [306.36724853515625, 7.3072509765625, 91.52745056152344]], [[165.66407775878906, 165.62619018554688, 80.77253723144531], [7.08636474609375, 24.987503051757812, 89.36729431152344], [306.5631103515625, 7.276519775390625, 89.30747985839844]], [[165.71075439453125, 165.51426696777344, 78.591064453125], [7.1330413818359375, 24.875579833984375, 87.1858139038086], [306.6097717285156, 7.1645965576171875, 87.12600708007812]], [[166.32655334472656, 163.004638671875, 56.03224182128906], [7.74884033203125, 22.365951538085938, 64.62699127197266], [307.2255859375, 4.65496826171875, 64.56718444824219]], [[166.27210998535156, 162.59312438964844, 53.63036346435547], [7.69439697265625, 21.954437255859375, 62.2251091003418], [307.171142578125, 4.2434539794921875, 62.165306091308594]], [[166.23582458496094, 162.16921997070312, 51.23832321166992], [7.658111572265625, 21.530532836914062, 59.833072662353516], [307.1348571777344, 3.819549560546875, 59.77326583862305]], [[166.18296813964844, 161.7044677734375, 48.884517669677734], [7.605255126953125, 21.065780639648438, 57.47926712036133], [307.0820007324219, 3.35479736328125, 57.419456481933594]], [[166.12164306640625, 161.27627563476562, 46.52888107299805], [7.5439300537109375, 20.637588500976562, 55.12363815307617], [307.0206604003906, 2.926605224609375, 55.063819885253906]], [[166.3338623046875, 158.84967041015625, 20.842947006225586], [7.75616455078125, 18.210983276367188, 29.43770408630371], [307.23291015625, 0.5, 29.377887725830078]], [[166.03173828125, 159.23355102539062, 22.420772552490234], [7.4540252685546875, 18.594863891601562, 31.015525817871094], [306.9307556152344, 0.883880615234375, 30.95570945739746]], [[165.7299041748047, 159.57461547851562, 24.090579986572266], [7.152191162109375, 18.935928344726562, 32.68533706665039], [306.6289367675781, 1.224945068359375, 32.625518798828125]], [[165.0526885986328, 161.10186767578125, 35.819583892822266], [6.4749755859375, 20.463180541992188, 44.414344787597656], [305.95172119140625, 2.752197265625, 44.35452651977539]], [[164.92593383789062, 161.41065979003906, 38.13254165649414], [6.3482208251953125, 20.77197265625, 46.72730255126953], [305.824951171875, 3.0609893798828125, 46.66748046875]], [[164.79925537109375, 161.6728057861328, 40.41476058959961], [6.2215423583984375, 21.03411865234375, 49.009521484375], [305.69830322265625, 3.3231353759765625, 48.949703216552734]], [[164.0929412841797, 162.99024963378906, 50.16680145263672], [5.5152435302734375, 22.3515625, 58.761558532714844], [304.9919738769531, 4.6405792236328125, 58.70174789428711]], [[163.67539978027344, 163.06170654296875, 51.994083404541016], [5.0977020263671875, 22.423019409179688, 60.588836669921875], [304.5744323730469, 4.7120361328125, 60.52902603149414]], [[163.1786346435547, 163.17855834960938, 54.095848083496094], [4.6009368896484375, 22.539871215820312, 62.69060516357422], [304.0776672363281, 4.828887939453125, 62.630794525146484]], [[160.10421752929688, 163.9588623046875, 69.80728149414062], [1.5265045166015625, 23.320175170898438, 78.40203857421875], [301.00323486328125, 5.60919189453125, 78.34223175048828]], [[159.74267578125, 163.94383239746094, 72.03480529785156], [1.1649627685546875, 23.305145263671875, 80.62956237792969], [300.6416931152344, 5.5941619873046875, 80.56975555419922]], [[159.4352264404297, 