{"code": 0, "data": [[[167.28756713867188, 158.08848571777344, 13.118124008178711], [17.287567138671875, 8.088485717773438, 13.118124008178711], [317.2875671386719, 8.088485717773438, 13.118124008178711]], [[166.1686553955078, 158.15621948242188, 17.484243392944336], [15.05389404296875, 9.342880249023438, 21.834074020385742], [315.0455322265625, 7.1050262451171875, 21.86664581298828]], [[165.87802124023438, 158.0987548828125, 14.163541793823242], [14.47509765625, 9.518447875976562, 15.187420845031738], [314.46185302734375, 6.6995849609375, 15.230480194091797]], [[165.54127502441406, 158.12503051757812, 10.305180549621582], [13.805160522460938, 9.908538818359375, 7.472698211669922], [313.7847900390625, 6.41461181640625, 7.511780738830566]], [[165.23745727539062, 158.2350311279297, 6.814187526702881], [13.201385498046875, 10.433929443359375, 0.5], [313.1733093261719, 6.3292236328125, 0.520503044128418]], [[165.8430938720703, 157.70289611816406, 20.18964195251465], [13.807022094726562, 9.90179443359375, 13.875457763671875], [313.7789306640625, 5.797088623046875, 13.89595890045166]], [[165.77830505371094, 156.4878692626953, 45.818092346191406], [13.742233276367188, 8.686767578125, 39.50390625], [313.71417236328125, 4.582061767578125, 39.52440643310547]], [[168.15782165527344, 156.61676025390625, 121.39378356933594], [16.121749877929688, 8.815658569335938, 115.07959747314453], [316.09368896484375, 4.7109527587890625, 115.10010528564453]], [[165.88636779785156, 157.45590209960938, 137.13584899902344], [13.850296020507812, 9.654800415039062, 130.8216552734375], [313.82220458984375, 5.550079345703125, 130.8421630859375]], [[158.89756774902344, 158.4005126953125, 185.5415802001953], [6.8614959716796875, 10.599411010742188, 179.22740173339844], [306.83343505859375, 6.4947052001953125, 179.24789428710938]], [[159.05917358398438, 158.53598022460938, 169.93740844726562], [7.0231170654296875, 10.734878540039062, 163.6232147216797], [306.9950256347656, 6.6301727294921875, 163.6437225341797]], [[160.0335235595703, 159.3003692626953, 75.8232421875], [7.9974517822265625, 11.499267578125, 69.50904846191406], [307.9693603515625, 7.394561767578125, 69.52955627441406]], [[159.57022094726562, 159.47976684570312, 72.56900787353516], [7.07794189453125, 12.323318481445312, 63.02522277832031], [307.0356750488281, 7.2880859375, 62.9964599609375]], [[159.0210418701172, 159.78680419921875, 68.70650482177734], [5.9898529052734375, 13.4896240234375, 55.34264373779297], [305.927001953125, 7.3499603271484375, 55.22900390625]], [[158.5142822265625, 160.16184997558594, 65.13745880126953], [4.9876861572265625, 14.749954223632812, 48.256568908691406], [304.90216064453125, 7.5897979736328125, 48.038909912109375]], [[158.0073699951172, 160.6260986328125, 61.562652587890625], [3.9870147705078125, 16.18951416015625, 41.171451568603516], [303.8752136230469, 8.007247924804688, 40.82478713989258]], [[156.23440551757812, 161.04885864257812, 59.09014129638672], [0.5, 18.79620361328125, 36.48530578613281], [300.27032470703125, 7.0915679931640625, 35.620887756347656]], [[156.52728271484375, 157.4720001220703, 80.89603424072266], [0.792877197265625, 15.2193603515625, 58.29119873046875], [300.563232421875, 3.5147247314453125, 57.42677307128906]], [[157.38442993164062, 154.45729064941406, 102.36116790771484], [1.6500244140625, 12.204635620117188, 79.75634002685547], [301.42034912109375, 0.5, 78.89191436767578]]]}